pdb_file,saxs_file,status,message
AAAATATTTT_B.pdb,AAAATATTTT_B.pdb.dat,success,OK
AAACCGGTTT_B.pdb,AAACCGGTTT_B.pdb.dat,success,OK
AAACATGTTT_B.pdb,AAACATGTTT_B.pdb.dat,success,OK
AAAAATTTTT_B.pdb,AAAAATTTTT_B.pdb.dat,success,OK
AAACTAGTTT_B.pdb,AAACTAGTTT_B.pdb.dat,success,OK
AAACGCGTTT_B.pdb,AAACGCGTTT_B.pdb.dat,success,OK
AAAAGCTTTT_B.pdb,AAAAGCTTTT_B.pdb.dat,success,OK
AAAACGTTTT_B.pdb,AAAACGTTTT_B.pdb.dat,success,OK
AAAGGCCTTT_B.pdb,AAAGGCCTTT_B.pdb.dat,success,OK
AAATATATTT_B.pdb,AAATATATTT_B.pdb.dat,success,OK
AAAGCGCTTT_B.pdb,AAAGCGCTTT_B.pdb.dat,success,OK
AAATCGATTT_B.pdb,AAATCGATTT_B.pdb.dat,success,OK
AACAGCTGTT_B.pdb,AACAGCTGTT_B.pdb.dat,success,OK
AAATTAATTT_B.pdb,AAATTAATTT_B.pdb.dat,success,OK
AAATGCATTT_B.pdb,AAATGCATTT_B.pdb.dat,success,OK
AAAGTACTTT_B.pdb,AAAGTACTTT_B.pdb.dat,success,OK
AAAGATCTTT_B.pdb,AAAGATCTTT_B.pdb.dat,success,OK
AACAATTGTT_B.pdb,AACAATTGTT_B.pdb.dat,success,OK
AACACGTGTT_B.pdb,AACACGTGTT_B.pdb.dat,success,OK
AACATATGTT_B.pdb,AACATATGTT_B.pdb.dat,success,OK
AACCGCGGTT_B.pdb,AACCGCGGTT_B.pdb.dat,success,OK
AACCCGGGTT_B.pdb,AACCCGGGTT_B.pdb.dat,success,OK
AACGGCCGTT_B.pdb,AACGGCCGTT_B.pdb.dat,success,OK
AACGATCGTT_B.pdb,AACGATCGTT_B.pdb.dat,success,OK
AACGCGCGTT_B.pdb,AACGCGCGTT_B.pdb.dat,success,OK
AACCTAGGTT_B.pdb,AACCTAGGTT_B.pdb.dat,success,OK
AACTGCAGTT_B.pdb,AACTGCAGTT_B.pdb.dat,success,OK
AACGTACGTT_B.pdb,AACGTACGTT_B.pdb.dat,success,OK
AACTCGAGTT_B.pdb,AACTCGAGTT_B.pdb.dat,success,OK
AACCATGGTT_B.pdb,AACCATGGTT_B.pdb.dat,success,OK
AACTATAGTT_B.pdb,AACTATAGTT_B.pdb.dat,success,OK
AAGAGCTCTT_B.pdb,AAGAGCTCTT_B.pdb.dat,success,OK
AAGATATCTT_B.pdb,AAGATATCTT_B.pdb.dat,success,OK
AAGACGTCTT_B.pdb,AAGACGTCTT_B.pdb.dat,success,OK
AAGCGCGCTT_B.pdb,AAGCGCGCTT_B.pdb.dat,success,OK
AAGAATTCTT_B.pdb,AAGAATTCTT_B.pdb.dat,success,OK
AAGCCGGCTT_B.pdb,AAGCCGGCTT_B.pdb.dat,success,OK
AAGCTAGCTT_B.pdb,AAGCTAGCTT_B.pdb.dat,success,OK
AACTTAAGTT_B.pdb,AACTTAAGTT_B.pdb.dat,success,OK
AAGCATGCTT_B.pdb,AAGCATGCTT_B.pdb.dat,success,OK
AAGGCGCCTT_B.pdb,AAGGCGCCTT_B.pdb.dat,success,OK
AAGGGCCCTT_B.pdb,AAGGGCCCTT_B.pdb.dat,success,OK
AAGTGCACTT_B.pdb,AAGTGCACTT_B.pdb.dat,success,OK
AAGGTACCTT_B.pdb,AAGGTACCTT_B.pdb.dat,success,OK
AATAATTATT_B.pdb,AATAATTATT_B.pdb.dat,success,OK
AAGTTAACTT_B.pdb,AAGTTAACTT_B.pdb.dat,success,OK
AAGTCGACTT_B.pdb,AAGTCGACTT_B.pdb.dat,success,OK
AAGGATCCTT_B.pdb,AAGGATCCTT_B.pdb.dat,success,OK
AAGTATACTT_B.pdb,AAGTATACTT_B.pdb.dat,success,OK
AATATATATT_B.pdb,AATATATATT_B.pdb.dat,success,OK
AATAGCTATT_B.pdb,AATAGCTATT_B.pdb.dat,success,OK
AATCATGATT_B.pdb,AATCATGATT_B.pdb.dat,success,OK
AATCGCGATT_B.pdb,AATCGCGATT_B.pdb.dat,success,OK
AATGATCATT_B.pdb,AATGATCATT_B.pdb.dat,success,OK
AATACGTATT_B.pdb,AATACGTATT_B.pdb.dat,success,OK
AATGTACATT_B.pdb,AATGTACATT_B.pdb.dat,success,OK
AATCCGGATT_B.pdb,AATCCGGATT_B.pdb.dat,success,OK
AATCTAGATT_B.pdb,AATCTAGATT_B.pdb.dat,success,OK
AATGCGCATT_B.pdb,AATGCGCATT_B.pdb.dat,success,OK
AATTGCAATT_B.pdb,AATTGCAATT_B.pdb.dat,success,OK
ACAAATTTGT_B.pdb,ACAAATTTGT_B.pdb.dat,success,OK
AATTATAATT_B.pdb,AATTATAATT_B.pdb.dat,success,OK
AATGGCCATT_B.pdb,AATGGCCATT_B.pdb.dat,success,OK
AATTCGAATT_B.pdb,AATTCGAATT_B.pdb.dat,success,OK
ACAACGTTGT_B.pdb,ACAACGTTGT_B.pdb.dat,success,OK
ACACATGTGT_B.pdb,ACACATGTGT_B.pdb.dat,success,OK
AATTTAAATT_B.pdb,AATTTAAATT_B.pdb.dat,success,OK
ACAAGCTTGT_B.pdb,ACAAGCTTGT_B.pdb.dat,success,OK
ACAATATTGT_B.pdb,ACAATATTGT_B.pdb.dat,success,OK
ACACCGGTGT_B.pdb,ACACCGGTGT_B.pdb.dat,success,OK
ACACGCGTGT_B.pdb,ACACGCGTGT_B.pdb.dat,success,OK
ACATATATGT_B.pdb,ACATATATGT_B.pdb.dat,success,OK
ACAGATCTGT_B.pdb,ACAGATCTGT_B.pdb.dat,success,OK
ACATCGATGT_B.pdb,ACATCGATGT_B.pdb.dat,success,OK
ACAGTACTGT_B.pdb,ACAGTACTGT_B.pdb.dat,success,OK
ACATTAATGT_B.pdb,ACATTAATGT_B.pdb.dat,success,OK
ACATGCATGT_B.pdb,ACATGCATGT_B.pdb.dat,success,OK
ACAGCGCTGT_B.pdb,ACAGCGCTGT_B.pdb.dat,success,OK
ACAGGCCTGT_B.pdb,ACAGGCCTGT_B.pdb.dat,success,OK
ACACTAGTGT_B.pdb,ACACTAGTGT_B.pdb.dat,success,OK
ACCAATTGGT_B.pdb,ACCAATTGGT_B.pdb.dat,success,OK
ACCACGTGGT_B.pdb,ACCACGTGGT_B.pdb.dat,success,OK
ACCATATGGT_B.pdb,ACCATATGGT_B.pdb.dat,success,OK
ACCCATGGGT_B.pdb,ACCCATGGGT_B.pdb.dat,success,OK
ACCAGCTGGT_B.pdb,ACCAGCTGGT_B.pdb.dat,success,OK
ACCCGCGGGT_B.pdb,ACCCGCGGGT_B.pdb.dat,success,OK
ACCCCGGGGT_B.pdb,ACCCCGGGGT_B.pdb.dat,success,OK
ACCCTAGGGT_B.pdb,ACCCTAGGGT_B.pdb.dat,success,OK
ACCGATCGGT_B.pdb,ACCGATCGGT_B.pdb.dat,success,OK
ACCGGCCGGT_B.pdb,ACCGGCCGGT_B.pdb.dat,success,OK
ACCTTAAGGT_B.pdb,ACCTTAAGGT_B.pdb.dat,success,OK
ACCTATAGGT_B.pdb,ACCTATAGGT_B.pdb.dat,success,OK
ACCGTACGGT_B.pdb,ACCGTACGGT_B.pdb.dat,success,OK
ACCTGCAGGT_B.pdb,ACCTGCAGGT_B.pdb.dat,success,OK
ACGACGTCGT_B.pdb,ACGACGTCGT_B.pdb.dat,success,OK
ACCGCGCGGT_B.pdb,ACCGCGCGGT_B.pdb.dat,success,OK
ACGCATGCGT_B.pdb,ACGCATGCGT_B.pdb.dat,success,OK
ACGCCGGCGT_B.pdb,ACGCCGGCGT_B.pdb.dat,success,OK
ACCTCGAGGT_B.pdb,ACCTCGAGGT_B.pdb.dat,success,OK
ACGATATCGT_B.pdb,ACGATATCGT_B.pdb.dat,success,OK
ACGAATTCGT_B.pdb,ACGAATTCGT_B.pdb.dat,success,OK
ACGCGCGCGT_B.pdb,ACGCGCGCGT_B.pdb.dat,success,OK
ACGCTAGCGT_B.pdb,ACGCTAGCGT_B.pdb.dat,success,OK
ACGGCGCCGT_B.pdb,ACGGCGCCGT_B.pdb.dat,success,OK
ACGTATACGT_B.pdb,ACGTATACGT_B.pdb.dat,success,OK
ACGAGCTCGT_B.pdb,ACGAGCTCGT_B.pdb.dat,success,OK
ACGGATCCGT_B.pdb,ACGGATCCGT_B.pdb.dat,success,OK
ACGTCGACGT_B.pdb,ACGTCGACGT_B.pdb.dat,success,OK
ACGTGCACGT_B.pdb,ACGTGCACGT_B.pdb.dat,success,OK
ACTACGTAGT_B.pdb,ACTACGTAGT_B.pdb.dat,success,OK
ACTCATGAGT_B.pdb,ACTCATGAGT_B.pdb.dat,success,OK
ACGTTAACGT_B.pdb,ACGTTAACGT_B.pdb.dat,success,OK
ACTAGCTAGT_B.pdb,ACTAGCTAGT_B.pdb.dat,success,OK
ACGGGCCCGT_B.pdb,ACGGGCCCGT_B.pdb.dat,success,OK
ACTATATAGT_B.pdb,ACTATATAGT_B.pdb.dat,success,OK
ACGGTACCGT_B.pdb,ACGGTACCGT_B.pdb.dat,success,OK
ACTGATCAGT_B.pdb,ACTGATCAGT_B.pdb.dat,success,OK
ACTCTAGAGT_B.pdb,ACTCTAGAGT_B.pdb.dat,success,OK
ACTCCGGAGT_B.pdb,ACTCCGGAGT_B.pdb.dat,success,OK
ACTGCGCAGT_B.pdb,ACTGCGCAGT_B.pdb.dat,success,OK
ACTCGCGAGT_B.pdb,ACTCGCGAGT_B.pdb.dat,success,OK
ACTGGCCAGT_B.pdb,ACTGGCCAGT_B.pdb.dat,success,OK
ACTAATTAGT_B.pdb,ACTAATTAGT_B.pdb.dat,success,OK
ACTTATAAGT_B.pdb,ACTTATAAGT_B.pdb.dat,success,OK
AGAAATTTCT_B.pdb,AGAAATTTCT_B.pdb.dat,success,OK
ACTTGCAAGT_B.pdb,ACTTGCAAGT_B.pdb.dat,success,OK
AGAACGTTCT_B.pdb,AGAACGTTCT_B.pdb.dat,success,OK
ACTGTACAGT_B.pdb,ACTGTACAGT_B.pdb.dat,success,OK
ACTTCGAAGT_B.pdb,ACTTCGAAGT_B.pdb.dat,success,OK
AGACCGGTCT_B.pdb,AGACCGGTCT_B.pdb.dat,success,OK
AGACGCGTCT_B.pdb,AGACGCGTCT_B.pdb.dat,success,OK
ACTTTAAAGT_B.pdb,ACTTTAAAGT_B.pdb.dat,success,OK
AGAAGCTTCT_B.pdb,AGAAGCTTCT_B.pdb.dat,success,OK
AGACATGTCT_B.pdb,AGACATGTCT_B.pdb.dat,success,OK
AGAATATTCT_B.pdb,AGAATATTCT_B.pdb.dat,success,OK
AGACTAGTCT_B.pdb,AGACTAGTCT_B.pdb.dat,success,OK
AGATCGATCT_B.pdb,AGATCGATCT_B.pdb.dat,success,OK
AGAGGCCTCT_B.pdb,AGAGGCCTCT_B.pdb.dat,success,OK
AGAGATCTCT_B.pdb,AGAGATCTCT_B.pdb.dat,success,OK
AGATATATCT_B.pdb,AGATATATCT_B.pdb.dat,success,OK
AGATGCATCT_B.pdb,AGATGCATCT_B.pdb.dat,success,OK
AGATTAATCT_B.pdb,AGATTAATCT_B.pdb.dat,success,OK
AGCAGCTGCT_B.pdb,AGCAGCTGCT_B.pdb.dat,success,OK
AGCACGTGCT_B.pdb,AGCACGTGCT_B.pdb.dat,success,OK
AGAGTACTCT_B.pdb,AGAGTACTCT_B.pdb.dat,success,OK
AGAGCGCTCT_B.pdb,AGAGCGCTCT_B.pdb.dat,success,OK
AGCAATTGCT_B.pdb,AGCAATTGCT_B.pdb.dat,success,OK
AGCGATCGCT_B.pdb,AGCGATCGCT_B.pdb.dat,success,OK
AGCCATGGCT_B.pdb,AGCCATGGCT_B.pdb.dat,success,OK
AGCATATGCT_B.pdb,AGCATATGCT_B.pdb.dat,success,OK
AGCCGCGGCT_B.pdb,AGCCGCGGCT_B.pdb.dat,success,OK
AGCCCGGGCT_B.pdb,AGCCCGGGCT_B.pdb.dat,success,OK
AGCGCGCGCT_B.pdb,AGCGCGCGCT_B.pdb.dat,success,OK
AGCGGCCGCT_B.pdb,AGCGGCCGCT_B.pdb.dat,success,OK
AGCTATAGCT_B.pdb,AGCTATAGCT_B.pdb.dat,success,OK
AGCTGCAGCT_B.pdb,AGCTGCAGCT_B.pdb.dat,success,OK
AGGACGTCCT_B.pdb,AGGACGTCCT_B.pdb.dat,success,OK
AGCCTAGGCT_B.pdb,AGCCTAGGCT_B.pdb.dat,success,OK
AGCGTACGCT_B.pdb,AGCGTACGCT_B.pdb.dat,success,OK
AGGATATCCT_B.pdb,AGGATATCCT_B.pdb.dat,success,OK
AGGAATTCCT_B.pdb,AGGAATTCCT_B.pdb.dat,success,OK
AGCTCGAGCT_B.pdb,AGCTCGAGCT_B.pdb.dat,success,OK
AGGAGCTCCT_B.pdb,AGGAGCTCCT_B.pdb.dat,success,OK
AGCTTAAGCT_B.pdb,AGCTTAAGCT_B.pdb.dat,success,OK
AGGCATGCCT_B.pdb,AGGCATGCCT_B.pdb.dat,success,OK
AGGGATCCCT_B.pdb,AGGGATCCCT_B.pdb.dat,success,OK
AGGCGCGCCT_B.pdb,AGGCGCGCCT_B.pdb.dat,success,OK
AGGCTAGCCT_B.pdb,AGGCTAGCCT_B.pdb.dat,success,OK
AGGGCGCCCT_B.pdb,AGGGCGCCCT_B.pdb.dat,success,OK
AGGCCGGCCT_B.pdb,AGGCCGGCCT_B.pdb.dat,success,OK
AGGGTACCCT_B.pdb,AGGGTACCCT_B.pdb.dat,success,OK
AGGGGCCCCT_B.pdb,AGGGGCCCCT_B.pdb.dat,success,OK
AGGTCGACCT_B.pdb,AGGTCGACCT_B.pdb.dat,success,OK
AGTAATTACT_B.pdb,AGTAATTACT_B.pdb.dat,success,OK
AGGTATACCT_B.pdb,AGGTATACCT_B.pdb.dat,success,OK
AGGTGCACCT_B.pdb,AGGTGCACCT_B.pdb.dat,success,OK
AGTACGTACT_B.pdb,AGTACGTACT_B.pdb.dat,success,OK
AGGTTAACCT_B.pdb,AGGTTAACCT_B.pdb.dat,success,OK
AGTAGCTACT_B.pdb,AGTAGCTACT_B.pdb.dat,success,OK
AGTCCGGACT_B.pdb,AGTCCGGACT_B.pdb.dat,success,OK
AGTATATACT_B.pdb,AGTATATACT_B.pdb.dat,success,OK
AGTGTACACT_B.pdb,AGTGTACACT_B.pdb.dat,success,OK
AGTCTAGACT_B.pdb,AGTCTAGACT_B.pdb.dat,success,OK
AGTGATCACT_B.pdb,AGTGATCACT_B.pdb.dat,success,OK
AGTGCGCACT_B.pdb,AGTGCGCACT_B.pdb.dat,success,OK
AGTGGCCACT_B.pdb,AGTGGCCACT_B.pdb.dat,success,OK
AGTCGCGACT_B.pdb,AGTCGCGACT_B.pdb.dat,success,OK
AGTCATGACT_B.pdb,AGTCATGACT_B.pdb.dat,success,OK
AGTTATAACT_B.pdb,AGTTATAACT_B.pdb.dat,success,OK
ATAAATTTAT_B.pdb,ATAAATTTAT_B.pdb.dat,success,OK
AGTTCGAACT_B.pdb,AGTTCGAACT_B.pdb.dat,success,OK
ATAACGTTAT_B.pdb,ATAACGTTAT_B.pdb.dat,success,OK
ATAAGCTTAT_B.pdb,ATAAGCTTAT_B.pdb.dat,success,OK
AGTTGCAACT_B.pdb,AGTTGCAACT_B.pdb.dat,success,OK
ATAATATTAT_B.pdb,ATAATATTAT_B.pdb.dat,success,OK
ATACTAGTAT_B.pdb,ATACTAGTAT_B.pdb.dat,success,OK
ATACCGGTAT_B.pdb,ATACCGGTAT_B.pdb.dat,success,OK
AGTTTAAACT_B.pdb,AGTTTAAACT_B.pdb.dat,success,OK
ATAGATCTAT_B.pdb,ATAGATCTAT_B.pdb.dat,success,OK
ATACATGTAT_B.pdb,ATACATGTAT_B.pdb.dat,success,OK
ATAGGCCTAT_B.pdb,ATAGGCCTAT_B.pdb.dat,success,OK
ATACGCGTAT_B.pdb,ATACGCGTAT_B.pdb.dat,success,OK
ATAGTACTAT_B.pdb,ATAGTACTAT_B.pdb.dat,success,OK
ATAGCGCTAT_B.pdb,ATAGCGCTAT_B.pdb.dat,success,OK
ATATTAATAT_B.pdb,ATATTAATAT_B.pdb.dat,success,OK
ATCACGTGAT_B.pdb,ATCACGTGAT_B.pdb.dat,success,OK
ATATCGATAT_B.pdb,ATATCGATAT_B.pdb.dat,success,OK
ATCAATTGAT_B.pdb,ATCAATTGAT_B.pdb.dat,success,OK
ATATATATAT_B.pdb,ATATATATAT_B.pdb.dat,success,OK
ATATGCATAT_B.pdb,ATATGCATAT_B.pdb.dat,success,OK
ATCATATGAT_B.pdb,ATCATATGAT_B.pdb.dat,success,OK
ATCAGCTGAT_B.pdb,ATCAGCTGAT_B.pdb.dat,success,OK
ATCGGCCGAT_B.pdb,ATCGGCCGAT_B.pdb.dat,success,OK
ATCGCGCGAT_B.pdb,ATCGCGCGAT_B.pdb.dat,success,OK
ATCCATGGAT_B.pdb,ATCCATGGAT_B.pdb.dat,success,OK
ATCCGCGGAT_B.pdb,ATCCGCGGAT_B.pdb.dat,success,OK
ATCGATCGAT_B.pdb,ATCGATCGAT_B.pdb.dat,success,OK
ATCCCGGGAT_B.pdb,ATCCCGGGAT_B.pdb.dat,success,OK
ATCGTACGAT_B.pdb,ATCGTACGAT_B.pdb.dat,success,OK
ATGACGTCAT_B.pdb,ATGACGTCAT_B.pdb.dat,success,OK
ATCTGCAGAT_B.pdb,ATCTGCAGAT_B.pdb.dat,success,OK
ATCCTAGGAT_B.pdb,ATCCTAGGAT_B.pdb.dat,success,OK
ATGAATTCAT_B.pdb,ATGAATTCAT_B.pdb.dat,success,OK
ATCTCGAGAT_B.pdb,ATCTCGAGAT_B.pdb.dat,success,OK
ATCTATAGAT_B.pdb,ATCTATAGAT_B.pdb.dat,success,OK
ATCTTAAGAT_B.pdb,ATCTTAAGAT_B.pdb.dat,success,OK
ATGAGCTCAT_B.pdb,ATGAGCTCAT_B.pdb.dat,success,OK
ATGGCGCCAT_B.pdb,ATGGCGCCAT_B.pdb.dat,success,OK
ATGCTAGCAT_B.pdb,ATGCTAGCAT_B.pdb.dat,success,OK
ATGATATCAT_B.pdb,ATGATATCAT_B.pdb.dat,success,OK
ATGCGCGCAT_B.pdb,ATGCGCGCAT_B.pdb.dat,success,OK
ATGGTACCAT_B.pdb,ATGGTACCAT_B.pdb.dat,success,OK
ATGCCGGCAT_B.pdb,ATGCCGGCAT_B.pdb.dat,success,OK
ATGTATACAT_B.pdb,ATGTATACAT_B.pdb.dat,success,OK
ATGGATCCAT_B.pdb,ATGGATCCAT_B.pdb.dat,success,OK
ATGCATGCAT_B.pdb,ATGCATGCAT_B.pdb.dat,success,OK
ATGTCGACAT_B.pdb,ATGTCGACAT_B.pdb.dat,success,OK
ATGTGCACAT_B.pdb,ATGTGCACAT_B.pdb.dat,success,OK
ATGGGCCCAT_B.pdb,ATGGGCCCAT_B.pdb.dat,success,OK
ATTATATAAT_B.pdb,ATTATATAAT_B.pdb.dat,success,OK
ATTACGTAAT_B.pdb,ATTACGTAAT_B.pdb.dat,success,OK
ATTAATTAAT_B.pdb,ATTAATTAAT_B.pdb.dat,success,OK
ATTCGCGAAT_B.pdb,ATTCGCGAAT_B.pdb.dat,success,OK
ATTCCGGAAT_B.pdb,ATTCCGGAAT_B.pdb.dat,success,OK
ATTGATCAAT_B.pdb,ATTGATCAAT_B.pdb.dat,success,OK
ATGTTAACAT_B.pdb,ATGTTAACAT_B.pdb.dat,success,OK
ATTAGCTAAT_B.pdb,ATTAGCTAAT_B.pdb.dat,success,OK
ATTCATGAAT_B.pdb,ATTCATGAAT_B.pdb.dat,success,OK
ATTGGCCAAT_B.pdb,ATTGGCCAAT_B.pdb.dat,success,OK
ATTTGCAAAT_B.pdb,ATTTGCAAAT_B.pdb.dat,success,OK
ATTGCGCAAT_B.pdb,ATTGCGCAAT_B.pdb.dat,success,OK
ATTGTACAAT_B.pdb,ATTGTACAAT_B.pdb.dat,success,OK
ATTCTAGAAT_B.pdb,ATTCTAGAAT_B.pdb.dat,success,OK
ATTTCGAAAT_B.pdb,ATTTCGAAAT_B.pdb.dat,success,OK
ATTTTAAAAT_B.pdb,ATTTTAAAAT_B.pdb.dat,success,OK
ATTTATAAAT_B.pdb,ATTTATAAAT_B.pdb.dat,success,OK
CAAAATTTTG_B.pdb,CAAAATTTTG_B.pdb.dat,success,OK
CAAACGTTTG_B.pdb,CAAACGTTTG_B.pdb.dat,success,OK
CAAATATTTG_B.pdb,CAAATATTTG_B.pdb.dat,success,OK
CAACATGTTG_B.pdb,CAACATGTTG_B.pdb.dat,success,OK
CAAAGCTTTG_B.pdb,CAAAGCTTTG_B.pdb.dat,success,OK
CAACGCGTTG_B.pdb,CAACGCGTTG_B.pdb.dat,success,OK
CAAGATCTTG_B.pdb,CAAGATCTTG_B.pdb.dat,success,OK
CAAGTACTTG_B.pdb,CAAGTACTTG_B.pdb.dat,success,OK
CAACCGGTTG_B.pdb,CAACCGGTTG_B.pdb.dat,success,OK
CAAGGCCTTG_B.pdb,CAAGGCCTTG_B.pdb.dat,success,OK
CAACTAGTTG_B.pdb,CAACTAGTTG_B.pdb.dat,success,OK
CAAGCGCTTG_B.pdb,CAAGCGCTTG_B.pdb.dat,success,OK
CAATATATTG_B.pdb,CAATATATTG_B.pdb.dat,success,OK
CAATGCATTG_B.pdb,CAATGCATTG_B.pdb.dat,success,OK
CAATTAATTG_B.pdb,CAATTAATTG_B.pdb.dat,success,OK
CAATCGATTG_B.pdb,CAATCGATTG_B.pdb.dat,success,OK
CACAGCTGTG_B.pdb,CACAGCTGTG_B.pdb.dat,success,OK
CACAATTGTG_B.pdb,CACAATTGTG_B.pdb.dat,success,OK
CACATATGTG_B.pdb,CACATATGTG_B.pdb.dat,success,OK
CACACGTGTG_B.pdb,CACACGTGTG_B.pdb.dat,success,OK
CACCTAGGTG_B.pdb,CACCTAGGTG_B.pdb.dat,success,OK
CACGATCGTG_B.pdb,CACGATCGTG_B.pdb.dat,success,OK
CACCGCGGTG_B.pdb,CACCGCGGTG_B.pdb.dat,success,OK
CACCCGGGTG_B.pdb,CACCCGGGTG_B.pdb.dat,success,OK
CACGCGCGTG_B.pdb,CACGCGCGTG_B.pdb.dat,success,OK
CACCATGGTG_B.pdb,CACCATGGTG_B.pdb.dat,success,OK
CACGGCCGTG_B.pdb,CACGGCCGTG_B.pdb.dat,success,OK
CACTCGAGTG_B.pdb,CACTCGAGTG_B.pdb.dat,success,OK
CACTATAGTG_B.pdb,CACTATAGTG_B.pdb.dat,success,OK
CAGAATTCTG_B.pdb,CAGAATTCTG_B.pdb.dat,success,OK
CACTTAAGTG_B.pdb,CACTTAAGTG_B.pdb.dat,success,OK
CACTGCAGTG_B.pdb,CACTGCAGTG_B.pdb.dat,success,OK
CACGTACGTG_B.pdb,CACGTACGTG_B.pdb.dat,success,OK
CAGATATCTG_B.pdb,CAGATATCTG_B.pdb.dat,success,OK
CAGAGCTCTG_B.pdb,CAGAGCTCTG_B.pdb.dat,success,OK
CAGCATGCTG_B.pdb,CAGCATGCTG_B.pdb.dat,success,OK
CAGACGTCTG_B.pdb,CAGACGTCTG_B.pdb.dat,success,OK
CAGCCGGCTG_B.pdb,CAGCCGGCTG_B.pdb.dat,success,OK
CAGTATACTG_B.pdb,CAGTATACTG_B.pdb.dat,success,OK
CAGGATCCTG_B.pdb,CAGGATCCTG_B.pdb.dat,success,OK
CAGGGCCCTG_B.pdb,CAGGGCCCTG_B.pdb.dat,success,OK
CAGGTACCTG_B.pdb,CAGGTACCTG_B.pdb.dat,success,OK
CAGCGCGCTG_B.pdb,CAGCGCGCTG_B.pdb.dat,success,OK
CAGGCGCCTG_B.pdb,CAGGCGCCTG_B.pdb.dat,success,OK
CAGCTAGCTG_B.pdb,CAGCTAGCTG_B.pdb.dat,success,OK
CAGTCGACTG_B.pdb,CAGTCGACTG_B.pdb.dat,success,OK
CATACGTATG_B.pdb,CATACGTATG_B.pdb.dat,success,OK
CAGTTAACTG_B.pdb,CAGTTAACTG_B.pdb.dat,success,OK
CAGTGCACTG_B.pdb,CAGTGCACTG_B.pdb.dat,success,OK
CATAGCTATG_B.pdb,CATAGCTATG_B.pdb.dat,success,OK
CATCATGATG_B.pdb,CATCATGATG_B.pdb.dat,success,OK
CATAATTATG_B.pdb,CATAATTATG_B.pdb.dat,success,OK
CATGATCATG_B.pdb,CATGATCATG_B.pdb.dat,success,OK
CATCTAGATG_B.pdb,CATCTAGATG_B.pdb.dat,success,OK
CATCGCGATG_B.pdb,CATCGCGATG_B.pdb.dat,success,OK
CATATATATG_B.pdb,CATATATATG_B.pdb.dat,success,OK
CATGCGCATG_B.pdb,CATGCGCATG_B.pdb.dat,success,OK
CATGGCCATG_B.pdb,CATGGCCATG_B.pdb.dat,success,OK
CATTATAATG_B.pdb,CATTATAATG_B.pdb.dat,success,OK
CATGTACATG_B.pdb,CATGTACATG_B.pdb.dat,success,OK
CATTCGAATG_B.pdb,CATTCGAATG_B.pdb.dat,success,OK
CATCCGGATG_B.pdb,CATCCGGATG_B.pdb.dat,success,OK
CATTGCAATG_B.pdb,CATTGCAATG_B.pdb.dat,success,OK
CCAAGCTTGG_B.pdb,CCAAGCTTGG_B.pdb.dat,success,OK
CCACATGTGG_B.pdb,CCACATGTGG_B.pdb.dat,success,OK
CCACCGGTGG_B.pdb,CCACCGGTGG_B.pdb.dat,success,OK
CCAACGTTGG_B.pdb,CCAACGTTGG_B.pdb.dat,success,OK
CCAAATTTGG_B.pdb,CCAAATTTGG_B.pdb.dat,success,OK
CATTTAAATG_B.pdb,CATTTAAATG_B.pdb.dat,success,OK
CCAATATTGG_B.pdb,CCAATATTGG_B.pdb.dat,success,OK
CCACGCGTGG_B.pdb,CCACGCGTGG_B.pdb.dat,success,OK
CCACTAGTGG_B.pdb,CCACTAGTGG_B.pdb.dat,success,OK
CCAGGCCTGG_B.pdb,CCAGGCCTGG_B.pdb.dat,success,OK
CCAGCGCTGG_B.pdb,CCAGCGCTGG_B.pdb.dat,success,OK
CCAGATCTGG_B.pdb,CCAGATCTGG_B.pdb.dat,success,OK
CCATATATGG_B.pdb,CCATATATGG_B.pdb.dat,success,OK
CCATTAATGG_B.pdb,CCATTAATGG_B.pdb.dat,success,OK
CCAGTACTGG_B.pdb,CCAGTACTGG_B.pdb.dat,success,OK
CCATGCATGG_B.pdb,CCATGCATGG_B.pdb.dat,success,OK
CCCATATGGG_B.pdb,CCCATATGGG_B.pdb.dat,success,OK
CCCAATTGGG_B.pdb,CCCAATTGGG_B.pdb.dat,success,OK
CCCAGCTGGG_B.pdb,CCCAGCTGGG_B.pdb.dat,success,OK
CCCACGTGGG_B.pdb,CCCACGTGGG_B.pdb.dat,success,OK
CCATCGATGG_B.pdb,CCATCGATGG_B.pdb.dat,success,OK
CCCCATGGGG_B.pdb,CCCCATGGGG_B.pdb.dat,success,OK
CCCGTACGGG_B.pdb,CCCGTACGGG_B.pdb.dat,success,OK
CCCCGCGGGG_B.pdb,CCCCGCGGGG_B.pdb.dat,success,OK
CCCCTAGGGG_B.pdb,CCCCTAGGGG_B.pdb.dat,success,OK
CCCGGCCGGG_B.pdb,CCCGGCCGGG_B.pdb.dat,success,OK
CCCTATAGGG_B.pdb,CCCTATAGGG_B.pdb.dat,success,OK
CCCGATCGGG_B.pdb,CCCGATCGGG_B.pdb.dat,success,OK
CCCCCGGGGG_B.pdb,CCCCCGGGGG_B.pdb.dat,success,OK
CCCGCGCGGG_B.pdb,CCCGCGCGGG_B.pdb.dat,success,OK
CCCTGCAGGG_B.pdb,CCCTGCAGGG_B.pdb.dat,success,OK
CCCTTAAGGG_B.pdb,CCCTTAAGGG_B.pdb.dat,success,OK
CCCTCGAGGG_B.pdb,CCCTCGAGGG_B.pdb.dat,success,OK
CCGACGTCGG_B.pdb,CCGACGTCGG_B.pdb.dat,success,OK
CCGATATCGG_B.pdb,CCGATATCGG_B.pdb.dat,success,OK
CCGAATTCGG_B.pdb,CCGAATTCGG_B.pdb.dat,success,OK
CCGAGCTCGG_B.pdb,CCGAGCTCGG_B.pdb.dat,success,OK
CCGCCGGCGG_B.pdb,CCGCCGGCGG_B.pdb.dat,success,OK
CCGGTACCGG_B.pdb,CCGGTACCGG_B.pdb.dat,success,OK
CCGCTAGCGG_B.pdb,CCGCTAGCGG_B.pdb.dat,success,OK
CCGCATGCGG_B.pdb,CCGCATGCGG_B.pdb.dat,success,OK
CCGCGCGCGG_B.pdb,CCGCGCGCGG_B.pdb.dat,success,OK
CCGGATCCGG_B.pdb,CCGGATCCGG_B.pdb.dat,success,OK
CCGTATACGG_B.pdb,CCGTATACGG_B.pdb.dat,success,OK
CCGGGCCCGG_B.pdb,CCGGGCCCGG_B.pdb.dat,success,OK
CCTAGCTAGG_B.pdb,CCTAGCTAGG_B.pdb.dat,success,OK
CCGTCGACGG_B.pdb,CCGTCGACGG_B.pdb.dat,success,OK
CCGTTAACGG_B.pdb,CCGTTAACGG_B.pdb.dat,success,OK
CCGGCGCCGG_B.pdb,CCGGCGCCGG_B.pdb.dat,success,OK
CCTAATTAGG_B.pdb,CCTAATTAGG_B.pdb.dat,success,OK
CCGTGCACGG_B.pdb,CCGTGCACGG_B.pdb.dat,success,OK
CCTACGTAGG_B.pdb,CCTACGTAGG_B.pdb.dat,success,OK
CCTCGCGAGG_B.pdb,CCTCGCGAGG_B.pdb.dat,success,OK
CCTCTAGAGG_B.pdb,CCTCTAGAGG_B.pdb.dat,success,OK
CCTGCGCAGG_B.pdb,CCTGCGCAGG_B.pdb.dat,success,OK
CCTCCGGAGG_B.pdb,CCTCCGGAGG_B.pdb.dat,success,OK
CCTGGCCAGG_B.pdb,CCTGGCCAGG_B.pdb.dat,success,OK
CCTCATGAGG_B.pdb,CCTCATGAGG_B.pdb.dat,success,OK
CCTATATAGG_B.pdb,CCTATATAGG_B.pdb.dat,success,OK
CCTGATCAGG_B.pdb,CCTGATCAGG_B.pdb.dat,success,OK
CCTGTACAGG_B.pdb,CCTGTACAGG_B.pdb.dat,success,OK
CCTTGCAAGG_B.pdb,CCTTGCAAGG_B.pdb.dat,success,OK
CCTTATAAGG_B.pdb,CCTTATAAGG_B.pdb.dat,success,OK
CCTTCGAAGG_B.pdb,CCTTCGAAGG_B.pdb.dat,success,OK
CGAAGCTTCG_B.pdb,CGAAGCTTCG_B.pdb.dat,success,OK
CCTTTAAAGG_B.pdb,CCTTTAAAGG_B.pdb.dat,success,OK
CGACCGGTCG_B.pdb,CGACCGGTCG_B.pdb.dat,success,OK
CGACGCGTCG_B.pdb,CGACGCGTCG_B.pdb.dat,success,OK
CGACTAGTCG_B.pdb,CGACTAGTCG_B.pdb.dat,success,OK
CGACATGTCG_B.pdb,CGACATGTCG_B.pdb.dat,success,OK
CGAATATTCG_B.pdb,CGAATATTCG_B.pdb.dat,success,OK
CGAACGTTCG_B.pdb,CGAACGTTCG_B.pdb.dat,success,OK
CGAAATTTCG_B.pdb,CGAAATTTCG_B.pdb.dat,success,OK
CGAGATCTCG_B.pdb,CGAGATCTCG_B.pdb.dat,success,OK
CGAGTACTCG_B.pdb,CGAGTACTCG_B.pdb.dat,success,OK
CGATATATCG_B.pdb,CGATATATCG_B.pdb.dat,success,OK
CGAGCGCTCG_B.pdb,CGAGCGCTCG_B.pdb.dat,success,OK
CGATCGATCG_B.pdb,CGATCGATCG_B.pdb.dat,success,OK
CGCCATGGCG_B.pdb,CGCCATGGCG_B.pdb.dat,success,OK
CGAGGCCTCG_B.pdb,CGAGGCCTCG_B.pdb.dat,success,OK
CGATGCATCG_B.pdb,CGATGCATCG_B.pdb.dat,success,OK
CGCCCGGGCG_B.pdb,CGCCCGGGCG_B.pdb.dat,success,OK
CGCACGTGCG_B.pdb,CGCACGTGCG_B.pdb.dat,success,OK
CGCAATTGCG_B.pdb,CGCAATTGCG_B.pdb.dat,success,OK
CGCAGCTGCG_B.pdb,CGCAGCTGCG_B.pdb.dat,success,OK
CGATTAATCG_B.pdb,CGATTAATCG_B.pdb.dat,success,OK
CGCATATGCG_B.pdb,CGCATATGCG_B.pdb.dat,success,OK
CGCGATCGCG_B.pdb,CGCGATCGCG_B.pdb.dat,success,OK
CGCGGCCGCG_B.pdb,CGCGGCCGCG_B.pdb.dat,success,OK
CGCCGCGGCG_B.pdb,CGCCGCGGCG_B.pdb.dat,success,OK
CGCGCGCGCG_B.pdb,CGCGCGCGCG_B.pdb.dat,success,OK
CGGACGTCCG_B.pdb,CGGACGTCCG_B.pdb.dat,success,OK
CGCTCGAGCG_B.pdb,CGCTCGAGCG_B.pdb.dat,success,OK
CGCCTAGGCG_B.pdb,CGCCTAGGCG_B.pdb.dat,success,OK
CGGAATTCCG_B.pdb,CGGAATTCCG_B.pdb.dat,success,OK
CGCTGCAGCG_B.pdb,CGCTGCAGCG_B.pdb.dat,success,OK
CGCTATAGCG_B.pdb,CGCTATAGCG_B.pdb.dat,success,OK
CGCGTACGCG_B.pdb,CGCGTACGCG_B.pdb.dat,success,OK
CGGCCGGCCG_B.pdb,CGGCCGGCCG_B.pdb.dat,success,OK
CGCTTAAGCG_B.pdb,CGCTTAAGCG_B.pdb.dat,success,OK
CGGATATCCG_B.pdb,CGGATATCCG_B.pdb.dat,success,OK
CGGGATCCCG_B.pdb,CGGGATCCCG_B.pdb.dat,success,OK
CGGGCGCCCG_B.pdb,CGGGCGCCCG_B.pdb.dat,success,OK
CGGAGCTCCG_B.pdb,CGGAGCTCCG_B.pdb.dat,success,OK
CGGCATGCCG_B.pdb,CGGCATGCCG_B.pdb.dat,success,OK
CGGCGCGCCG_B.pdb,CGGCGCGCCG_B.pdb.dat,success,OK
CGGCTAGCCG_B.pdb,CGGCTAGCCG_B.pdb.dat,success,OK
CGGGGCCCCG_B.pdb,CGGGGCCCCG_B.pdb.dat,success,OK
CGGTCGACCG_B.pdb,CGGTCGACCG_B.pdb.dat,success,OK
CGGTGCACCG_B.pdb,CGGTGCACCG_B.pdb.dat,success,OK
CGGGTACCCG_B.pdb,CGGGTACCCG_B.pdb.dat,success,OK
CGTAGCTACG_B.pdb,CGTAGCTACG_B.pdb.dat,success,OK
CGTACGTACG_B.pdb,CGTACGTACG_B.pdb.dat,success,OK
CGGTTAACCG_B.pdb,CGGTTAACCG_B.pdb.dat,success,OK
CGGTATACCG_B.pdb,CGGTATACCG_B.pdb.dat,success,OK
CGTGATCACG_B.pdb,CGTGATCACG_B.pdb.dat,success,OK
CGTCATGACG_B.pdb,CGTCATGACG_B.pdb.dat,success,OK
CGTCTAGACG_B.pdb,CGTCTAGACG_B.pdb.dat,success,OK
CGTAATTACG_B.pdb,CGTAATTACG_B.pdb.dat,success,OK
CGTCGCGACG_B.pdb,CGTCGCGACG_B.pdb.dat,success,OK
CGTATATACG_B.pdb,CGTATATACG_B.pdb.dat,success,OK
CGTGTACACG_B.pdb,CGTGTACACG_B.pdb.dat,success,OK
CGTCCGGACG_B.pdb,CGTCCGGACG_B.pdb.dat,success,OK
CGTGGCCACG_B.pdb,CGTGGCCACG_B.pdb.dat,success,OK
CGTGCGCACG_B.pdb,CGTGCGCACG_B.pdb.dat,success,OK
CGTTATAACG_B.pdb,CGTTATAACG_B.pdb.dat,success,OK
CGTTCGAACG_B.pdb,CGTTCGAACG_B.pdb.dat,success,OK
CGTTGCAACG_B.pdb,CGTTGCAACG_B.pdb.dat,success,OK
CTAACGTTAG_B.pdb,CTAACGTTAG_B.pdb.dat,success,OK
CTAAATTTAG_B.pdb,CTAAATTTAG_B.pdb.dat,success,OK
CGTTTAAACG_B.pdb,CGTTTAAACG_B.pdb.dat,success,OK
CTAAGCTTAG_B.pdb,CTAAGCTTAG_B.pdb.dat,success,OK
CTACGCGTAG_B.pdb,CTACGCGTAG_B.pdb.dat,success,OK
CTAGATCTAG_B.pdb,CTAGATCTAG_B.pdb.dat,success,OK
CTAATATTAG_B.pdb,CTAATATTAG_B.pdb.dat,success,OK
CTAGCGCTAG_B.pdb,CTAGCGCTAG_B.pdb.dat,success,OK
CTACTAGTAG_B.pdb,CTACTAGTAG_B.pdb.dat,success,OK
CTACATGTAG_B.pdb,CTACATGTAG_B.pdb.dat,success,OK
CTACCGGTAG_B.pdb,CTACCGGTAG_B.pdb.dat,success,OK
CTAGTACTAG_B.pdb,CTAGTACTAG_B.pdb.dat,success,OK
CTCAATTGAG_B.pdb,CTCAATTGAG_B.pdb.dat,success,OK
CTATTAATAG_B.pdb,CTATTAATAG_B.pdb.dat,success,OK
CTAGGCCTAG_B.pdb,CTAGGCCTAG_B.pdb.dat,success,OK
CTATATATAG_B.pdb,CTATATATAG_B.pdb.dat,success,OK
CTATCGATAG_B.pdb,CTATCGATAG_B.pdb.dat,success,OK
CTATGCATAG_B.pdb,CTATGCATAG_B.pdb.dat,success,OK
CTCAGCTGAG_B.pdb,CTCAGCTGAG_B.pdb.dat,success,OK
CTCACGTGAG_B.pdb,CTCACGTGAG_B.pdb.dat,success,OK
CTCGCGCGAG_B.pdb,CTCGCGCGAG_B.pdb.dat,success,OK
CTCCCGGGAG_B.pdb,CTCCCGGGAG_B.pdb.dat,success,OK
CTCCATGGAG_B.pdb,CTCCATGGAG_B.pdb.dat,success,OK
CTCCTAGGAG_B.pdb,CTCCTAGGAG_B.pdb.dat,success,OK
CTCATATGAG_B.pdb,CTCATATGAG_B.pdb.dat,success,OK
CTCGGCCGAG_B.pdb,CTCGGCCGAG_B.pdb.dat,success,OK
CTCCGCGGAG_B.pdb,CTCCGCGGAG_B.pdb.dat,success,OK
CTCGATCGAG_B.pdb,CTCGATCGAG_B.pdb.dat,success,OK
CTGAATTCAG_B.pdb,CTGAATTCAG_B.pdb.dat,success,OK
CTCTGCAGAG_B.pdb,CTCTGCAGAG_B.pdb.dat,success,OK
CTCTATAGAG_B.pdb,CTCTATAGAG_B.pdb.dat,success,OK
CTCTTAAGAG_B.pdb,CTCTTAAGAG_B.pdb.dat,success,OK
CTCGTACGAG_B.pdb,CTCGTACGAG_B.pdb.dat,success,OK
CTCTCGAGAG_B.pdb,CTCTCGAGAG_B.pdb.dat,success,OK
CTGACGTCAG_B.pdb,CTGACGTCAG_B.pdb.dat,success,OK
CTGATATCAG_B.pdb,CTGATATCAG_B.pdb.dat,success,OK
CTGCATGCAG_B.pdb,CTGCATGCAG_B.pdb.dat,success,OK
CTGCCGGCAG_B.pdb,CTGCCGGCAG_B.pdb.dat,success,OK
CTGAGCTCAG_B.pdb,CTGAGCTCAG_B.pdb.dat,success,OK
CTGCGCGCAG_B.pdb,CTGCGCGCAG_B.pdb.dat,success,OK
CTGGCGCCAG_B.pdb,CTGGCGCCAG_B.pdb.dat,success,OK
CTGCTAGCAG_B.pdb,CTGCTAGCAG_B.pdb.dat,success,OK
CTGTATACAG_B.pdb,CTGTATACAG_B.pdb.dat,success,OK
CTGGATCCAG_B.pdb,CTGGATCCAG_B.pdb.dat,success,OK
CTGTGCACAG_B.pdb,CTGTGCACAG_B.pdb.dat,success,OK
CTGGGCCCAG_B.pdb,CTGGGCCCAG_B.pdb.dat,success,OK
CTGGTACCAG_B.pdb,CTGGTACCAG_B.pdb.dat,success,OK
CTGTCGACAG_B.pdb,CTGTCGACAG_B.pdb.dat,success,OK
CTTATATAAG_B.pdb,CTTATATAAG_B.pdb.dat,success,OK
CTGTTAACAG_B.pdb,CTGTTAACAG_B.pdb.dat,success,OK
CTTAATTAAG_B.pdb,CTTAATTAAG_B.pdb.dat,success,OK
CTTCATGAAG_B.pdb,CTTCATGAAG_B.pdb.dat,success,OK
CTTACGTAAG_B.pdb,CTTACGTAAG_B.pdb.dat,success,OK
CTTAGCTAAG_B.pdb,CTTAGCTAAG_B.pdb.dat,success,OK
CTTGCGCAAG_B.pdb,CTTGCGCAAG_B.pdb.dat,success,OK
CTTCCGGAAG_B.pdb,CTTCCGGAAG_B.pdb.dat,success,OK
CTTCGCGAAG_B.pdb,CTTCGCGAAG_B.pdb.dat,success,OK
CTTGATCAAG_B.pdb,CTTGATCAAG_B.pdb.dat,success,OK
CTTCTAGAAG_B.pdb,CTTCTAGAAG_B.pdb.dat,success,OK
CTTTCGAAAG_B.pdb,CTTTCGAAAG_B.pdb.dat,success,OK
CTTTGCAAAG_B.pdb,CTTTGCAAAG_B.pdb.dat,success,OK
CTTTATAAAG_B.pdb,CTTTATAAAG_B.pdb.dat,success,OK
CTTGTACAAG_B.pdb,CTTGTACAAG_B.pdb.dat,success,OK
CTTTTAAAAG_B.pdb,CTTTTAAAAG_B.pdb.dat,success,OK
GAAAATTTTC_B.pdb,GAAAATTTTC_B.pdb.dat,success,OK
GAAAGCTTTC_B.pdb,GAAAGCTTTC_B.pdb.dat,success,OK
CTTGGCCAAG_B.pdb,CTTGGCCAAG_B.pdb.dat,success,OK
GAACCGGTTC_B.pdb,GAACCGGTTC_B.pdb.dat,success,OK
GAAATATTTC_B.pdb,GAAATATTTC_B.pdb.dat,success,OK
GAACTAGTTC_B.pdb,GAACTAGTTC_B.pdb.dat,success,OK
GAACATGTTC_B.pdb,GAACATGTTC_B.pdb.dat,success,OK
GAAACGTTTC_B.pdb,GAAACGTTTC_B.pdb.dat,success,OK
GAAGCGCTTC_B.pdb,GAAGCGCTTC_B.pdb.dat,success,OK
GAACGCGTTC_B.pdb,GAACGCGTTC_B.pdb.dat,success,OK
GAAGATCTTC_B.pdb,GAAGATCTTC_B.pdb.dat,success,OK
GAATCGATTC_B.pdb,GAATCGATTC_B.pdb.dat,success,OK
GAATGCATTC_B.pdb,GAATGCATTC_B.pdb.dat,success,OK
GAAGGCCTTC_B.pdb,GAAGGCCTTC_B.pdb.dat,success,OK
GAATATATTC_B.pdb,GAATATATTC_B.pdb.dat,success,OK
GAATTAATTC_B.pdb,GAATTAATTC_B.pdb.dat,success,OK
GACAATTGTC_B.pdb,GACAATTGTC_B.pdb.dat,success,OK
GACCATGGTC_B.pdb,GACCATGGTC_B.pdb.dat,success,OK
GAAGTACTTC_B.pdb,GAAGTACTTC_B.pdb.dat,success,OK
GACAGCTGTC_B.pdb,GACAGCTGTC_B.pdb.dat,success,OK
GACATATGTC_B.pdb,GACATATGTC_B.pdb.dat,success,OK
GACACGTGTC_B.pdb,GACACGTGTC_B.pdb.dat,success,OK
GACCTAGGTC_B.pdb,GACCTAGGTC_B.pdb.dat,success,OK
GACGCGCGTC_B.pdb,GACGCGCGTC_B.pdb.dat,success,OK
GACCCGGGTC_B.pdb,GACCCGGGTC_B.pdb.dat,success,OK
GACCGCGGTC_B.pdb,GACCGCGGTC_B.pdb.dat,success,OK
GACGGCCGTC_B.pdb,GACGGCCGTC_B.pdb.dat,success,OK
GACGATCGTC_B.pdb,GACGATCGTC_B.pdb.dat,success,OK
GACGTACGTC_B.pdb,GACGTACGTC_B.pdb.dat,success,OK
GAGACGTCTC_B.pdb,GAGACGTCTC_B.pdb.dat,success,OK
GAGAATTCTC_B.pdb,GAGAATTCTC_B.pdb.dat,success,OK
GACTTAAGTC_B.pdb,GACTTAAGTC_B.pdb.dat,success,OK
GACTCGAGTC_B.pdb,GACTCGAGTC_B.pdb.dat,success,OK
GACTATAGTC_B.pdb,GACTATAGTC_B.pdb.dat,success,OK
GACTGCAGTC_B.pdb,GACTGCAGTC_B.pdb.dat,success,OK
GAGCTAGCTC_B.pdb,GAGCTAGCTC_B.pdb.dat,success,OK
GAGCGCGCTC_B.pdb,GAGCGCGCTC_B.pdb.dat,success,OK
GAGAGCTCTC_B.pdb,GAGAGCTCTC_B.pdb.dat,success,OK
GAGATATCTC_B.pdb,GAGATATCTC_B.pdb.dat,success,OK
GAGCCGGCTC_B.pdb,GAGCCGGCTC_B.pdb.dat,success,OK
GAGCATGCTC_B.pdb,GAGCATGCTC_B.pdb.dat,success,OK
GAGGCGCCTC_B.pdb,GAGGCGCCTC_B.pdb.dat,success,OK
GAGGATCCTC_B.pdb,GAGGATCCTC_B.pdb.dat,success,OK
GAGGTACCTC_B.pdb,GAGGTACCTC_B.pdb.dat,success,OK
GAGTATACTC_B.pdb,GAGTATACTC_B.pdb.dat,success,OK
GAGGGCCCTC_B.pdb,GAGGGCCCTC_B.pdb.dat,success,OK
GAGTCGACTC_B.pdb,GAGTCGACTC_B.pdb.dat,success,OK
GATAATTATC_B.pdb,GATAATTATC_B.pdb.dat,success,OK
GAGTGCACTC_B.pdb,GAGTGCACTC_B.pdb.dat,success,OK
GAGTTAACTC_B.pdb,GAGTTAACTC_B.pdb.dat,success,OK
GATACGTATC_B.pdb,GATACGTATC_B.pdb.dat,success,OK
GATAGCTATC_B.pdb,GATAGCTATC_B.pdb.dat,success,OK
GATCGCGATC_B.pdb,GATCGCGATC_B.pdb.dat,success,OK
GATCATGATC_B.pdb,GATCATGATC_B.pdb.dat,success,OK
GATCCGGATC_B.pdb,GATCCGGATC_B.pdb.dat,success,OK
GATATATATC_B.pdb,GATATATATC_B.pdb.dat,success,OK
GATGATCATC_B.pdb,GATGATCATC_B.pdb.dat,success,OK
GATCTAGATC_B.pdb,GATCTAGATC_B.pdb.dat,success,OK
GATGCGCATC_B.pdb,GATGCGCATC_B.pdb.dat,success,OK
GATGTACATC_B.pdb,GATGTACATC_B.pdb.dat,success,OK
GCAAATTTGC_B.pdb,GCAAATTTGC_B.pdb.dat,success,OK
GATGGCCATC_B.pdb,GATGGCCATC_B.pdb.dat,success,OK
GATTATAATC_B.pdb,GATTATAATC_B.pdb.dat,success,OK
GATTGCAATC_B.pdb,GATTGCAATC_B.pdb.dat,success,OK
GATTCGAATC_B.pdb,GATTCGAATC_B.pdb.dat,success,OK
GCAATATTGC_B.pdb,GCAATATTGC_B.pdb.dat,success,OK
GATTTAAATC_B.pdb,GATTTAAATC_B.pdb.dat,success,OK
GCAAGCTTGC_B.pdb,GCAAGCTTGC_B.pdb.dat,success,OK
GCACATGTGC_B.pdb,GCACATGTGC_B.pdb.dat,success,OK
GCACGCGTGC_B.pdb,GCACGCGTGC_B.pdb.dat,success,OK
GCAACGTTGC_B.pdb,GCAACGTTGC_B.pdb.dat,success,OK
GCACCGGTGC_B.pdb,GCACCGGTGC_B.pdb.dat,success,OK
GCAGGCCTGC_B.pdb,GCAGGCCTGC_B.pdb.dat,success,OK
GCAGCGCTGC_B.pdb,GCAGCGCTGC_B.pdb.dat,success,OK
GCACTAGTGC_B.pdb,GCACTAGTGC_B.pdb.dat,success,OK
GCAGATCTGC_B.pdb,GCAGATCTGC_B.pdb.dat,success,OK
GCATCGATGC_B.pdb,GCATCGATGC_B.pdb.dat,success,OK
GCCAGCTGGC_B.pdb,GCCAGCTGGC_B.pdb.dat,success,OK
GCATATATGC_B.pdb,GCATATATGC_B.pdb.dat,success,OK
GCATGCATGC_B.pdb,GCATGCATGC_B.pdb.dat,success,OK
GCAGTACTGC_B.pdb,GCAGTACTGC_B.pdb.dat,success,OK
GCCACGTGGC_B.pdb,GCCACGTGGC_B.pdb.dat,success,OK
GCCAATTGGC_B.pdb,GCCAATTGGC_B.pdb.dat,success,OK
GCATTAATGC_B.pdb,GCATTAATGC_B.pdb.dat,success,OK
GCCCGCGGGC_B.pdb,GCCCGCGGGC_B.pdb.dat,success,OK
GCCATATGGC_B.pdb,GCCATATGGC_B.pdb.dat,success,OK
GCCCTAGGGC_B.pdb,GCCCTAGGGC_B.pdb.dat,success,OK
GCCCCGGGGC_B.pdb,GCCCCGGGGC_B.pdb.dat,success,OK
GCCCATGGGC_B.pdb,GCCCATGGGC_B.pdb.dat,success,OK
GCCGGCCGGC_B.pdb,GCCGGCCGGC_B.pdb.dat,success,OK
GCCGCGCGGC_B.pdb,GCCGCGCGGC_B.pdb.dat,success,OK
GCCTCGAGGC_B.pdb,GCCTCGAGGC_B.pdb.dat,success,OK
GCCGATCGGC_B.pdb,GCCGATCGGC_B.pdb.dat,success,OK
GCCTATAGGC_B.pdb,GCCTATAGGC_B.pdb.dat,success,OK
GCCGTACGGC_B.pdb,GCCGTACGGC_B.pdb.dat,success,OK
GCCTTAAGGC_B.pdb,GCCTTAAGGC_B.pdb.dat,success,OK
GCGACGTCGC_B.pdb,GCGACGTCGC_B.pdb.dat,success,OK
GCCTGCAGGC_B.pdb,GCCTGCAGGC_B.pdb.dat,success,OK
GCGAATTCGC_B.pdb,GCGAATTCGC_B.pdb.dat,success,OK
GCGGATCCGC_B.pdb,GCGGATCCGC_B.pdb.dat,success,OK
GCGCCGGCGC_B.pdb,GCGCCGGCGC_B.pdb.dat,success,OK
GCGAGCTCGC_B.pdb,GCGAGCTCGC_B.pdb.dat,success,OK
GCGATATCGC_B.pdb,GCGATATCGC_B.pdb.dat,success,OK
GCGCATGCGC_B.pdb,GCGCATGCGC_B.pdb.dat,success,OK
GCGCGCGCGC_B.pdb,GCGCGCGCGC_B.pdb.dat,success,OK
GCGCTAGCGC_B.pdb,GCGCTAGCGC_B.pdb.dat,success,OK
GCGTATACGC_B.pdb,GCGTATACGC_B.pdb.dat,success,OK
GCGGCGCCGC_B.pdb,GCGGCGCCGC_B.pdb.dat,success,OK
GCGTGCACGC_B.pdb,GCGTGCACGC_B.pdb.dat,success,OK
GCGGGCCCGC_B.pdb,GCGGGCCCGC_B.pdb.dat,success,OK
GCGGTACCGC_B.pdb,GCGGTACCGC_B.pdb.dat,success,OK
GCTAATTAGC_B.pdb,GCTAATTAGC_B.pdb.dat,success,OK
GCGTCGACGC_B.pdb,GCGTCGACGC_B.pdb.dat,success,OK
GCTCCGGAGC_B.pdb,GCTCCGGAGC_B.pdb.dat,success,OK
GCGTTAACGC_B.pdb,GCGTTAACGC_B.pdb.dat,success,OK
GCTATATAGC_B.pdb,GCTATATAGC_B.pdb.dat,success,OK
GCTCATGAGC_B.pdb,GCTCATGAGC_B.pdb.dat,success,OK
GCTCTAGAGC_B.pdb,GCTCTAGAGC_B.pdb.dat,success,OK
GCTACGTAGC_B.pdb,GCTACGTAGC_B.pdb.dat,success,OK
GCTAGCTAGC_B.pdb,GCTAGCTAGC_B.pdb.dat,success,OK
GCTCGCGAGC_B.pdb,GCTCGCGAGC_B.pdb.dat,success,OK
GCTTCGAAGC_B.pdb,GCTTCGAAGC_B.pdb.dat,success,OK
GCTGATCAGC_B.pdb,GCTGATCAGC_B.pdb.dat,success,OK
GCTTATAAGC_B.pdb,GCTTATAAGC_B.pdb.dat,success,OK
GCTGGCCAGC_B.pdb,GCTGGCCAGC_B.pdb.dat,success,OK
GCTGTACAGC_B.pdb,GCTGTACAGC_B.pdb.dat,success,OK
GCTGCGCAGC_B.pdb,GCTGCGCAGC_B.pdb.dat,success,OK
GCTTTAAAGC_B.pdb,GCTTTAAAGC_B.pdb.dat,success,OK
GCTTGCAAGC_B.pdb,GCTTGCAAGC_B.pdb.dat,success,OK
GGAAATTTCC_B.pdb,GGAAATTTCC_B.pdb.dat,success,OK
GGAACGTTCC_B.pdb,GGAACGTTCC_B.pdb.dat,success,OK
GGAAGCTTCC_B.pdb,GGAAGCTTCC_B.pdb.dat,success,OK
GGACCGGTCC_B.pdb,GGACCGGTCC_B.pdb.dat,success,OK
GGACATGTCC_B.pdb,GGACATGTCC_B.pdb.dat,success,OK
GGAATATTCC_B.pdb,GGAATATTCC_B.pdb.dat,success,OK
GGAGGCCTCC_B.pdb,GGAGGCCTCC_B.pdb.dat,success,OK
GGAGTACTCC_B.pdb,GGAGTACTCC_B.pdb.dat,success,OK
GGAGATCTCC_B.pdb,GGAGATCTCC_B.pdb.dat,success,OK
GGAGCGCTCC_B.pdb,GGAGCGCTCC_B.pdb.dat,success,OK
GGACTAGTCC_B.pdb,GGACTAGTCC_B.pdb.dat,success,OK
GGACGCGTCC_B.pdb,GGACGCGTCC_B.pdb.dat,success,OK
GGATGCATCC_B.pdb,GGATGCATCC_B.pdb.dat,success,OK
GGATATATCC_B.pdb,GGATATATCC_B.pdb.dat,success,OK
GGCACGTGCC_B.pdb,GGCACGTGCC_B.pdb.dat,success,OK
GGATTAATCC_B.pdb,GGATTAATCC_B.pdb.dat,success,OK
GGCATATGCC_B.pdb,GGCATATGCC_B.pdb.dat,success,OK
GGCAATTGCC_B.pdb,GGCAATTGCC_B.pdb.dat,success,OK
GGATCGATCC_B.pdb,GGATCGATCC_B.pdb.dat,success,OK
GGCGATCGCC_B.pdb,GGCGATCGCC_B.pdb.dat,success,OK
GGCCTAGGCC_B.pdb,GGCCTAGGCC_B.pdb.dat,success,OK
GGCGCGCGCC_B.pdb,GGCGCGCGCC_B.pdb.dat,success,OK
GGCAGCTGCC_B.pdb,GGCAGCTGCC_B.pdb.dat,success,OK
GGCCCGGGCC_B.pdb,GGCCCGGGCC_B.pdb.dat,success,OK
GGCGGCCGCC_B.pdb,GGCGGCCGCC_B.pdb.dat,success,OK
GGCCATGGCC_B.pdb,GGCCATGGCC_B.pdb.dat,success,OK
GGCCGCGGCC_B.pdb,GGCCGCGGCC_B.pdb.dat,success,OK
GGCTATAGCC_B.pdb,GGCTATAGCC_B.pdb.dat,success,OK
GGCTCGAGCC_B.pdb,GGCTCGAGCC_B.pdb.dat,success,OK
GGGAGCTCCC_B.pdb,GGGAGCTCCC_B.pdb.dat,success,OK
GGCTTAAGCC_B.pdb,GGCTTAAGCC_B.pdb.dat,success,OK
GGGACGTCCC_B.pdb,GGGACGTCCC_B.pdb.dat,success,OK
GGCGTACGCC_B.pdb,GGCGTACGCC_B.pdb.dat,success,OK
GGGAATTCCC_B.pdb,GGGAATTCCC_B.pdb.dat,success,OK
GGCTGCAGCC_B.pdb,GGCTGCAGCC_B.pdb.dat,success,OK
GGGATATCCC_B.pdb,GGGATATCCC_B.pdb.dat,success,OK
GGGCATGCCC_B.pdb,GGGCATGCCC_B.pdb.dat,success,OK
GGGCCGGCCC_B.pdb,GGGCCGGCCC_B.pdb.dat,success,OK
GGGCTAGCCC_B.pdb,GGGCTAGCCC_B.pdb.dat,success,OK
GGGTATACCC_B.pdb,GGGTATACCC_B.pdb.dat,success,OK
GGGGATCCCC_B.pdb,GGGGATCCCC_B.pdb.dat,success,OK
GGGGCGCCCC_B.pdb,GGGGCGCCCC_B.pdb.dat,success,OK
GGGGGCCCCC_B.pdb,GGGGGCCCCC_B.pdb.dat,success,OK
GGGCGCGCCC_B.pdb,GGGCGCGCCC_B.pdb.dat,success,OK
GGTAATTACC_B.pdb,GGTAATTACC_B.pdb.dat,success,OK
GGGGTACCCC_B.pdb,GGGGTACCCC_B.pdb.dat,success,OK
GGGTGCACCC_B.pdb,GGGTGCACCC_B.pdb.dat,success,OK
GGGTCGACCC_B.pdb,GGGTCGACCC_B.pdb.dat,success,OK
GGGTTAACCC_B.pdb,GGGTTAACCC_B.pdb.dat,success,OK
GGTATATACC_B.pdb,GGTATATACC_B.pdb.dat,success,OK
GGTACGTACC_B.pdb,GGTACGTACC_B.pdb.dat,success,OK
GGTCGCGACC_B.pdb,GGTCGCGACC_B.pdb.dat,success,OK
GGTCCGGACC_B.pdb,GGTCCGGACC_B.pdb.dat,success,OK
GGTCTAGACC_B.pdb,GGTCTAGACC_B.pdb.dat,success,OK
GGTAGCTACC_B.pdb,GGTAGCTACC_B.pdb.dat,success,OK
GGTGATCACC_B.pdb,GGTGATCACC_B.pdb.dat,success,OK
GGTCATGACC_B.pdb,GGTCATGACC_B.pdb.dat,success,OK
GGTTGCAACC_B.pdb,GGTTGCAACC_B.pdb.dat,success,OK
GGTGGCCACC_B.pdb,GGTGGCCACC_B.pdb.dat,success,OK
GGTGCGCACC_B.pdb,GGTGCGCACC_B.pdb.dat,success,OK
GGTTATAACC_B.pdb,GGTTATAACC_B.pdb.dat,success,OK
GTAAGCTTAC_B.pdb,GTAAGCTTAC_B.pdb.dat,success,OK
GGTGTACACC_B.pdb,GGTGTACACC_B.pdb.dat,success,OK
GGTTCGAACC_B.pdb,GGTTCGAACC_B.pdb.dat,success,OK
GTAATATTAC_B.pdb,GTAATATTAC_B.pdb.dat,success,OK
GGTTTAAACC_B.pdb,GGTTTAAACC_B.pdb.dat,success,OK
GTACGCGTAC_B.pdb,GTACGCGTAC_B.pdb.dat,success,OK
GTACTAGTAC_B.pdb,GTACTAGTAC_B.pdb.dat,success,OK
GTAACGTTAC_B.pdb,GTAACGTTAC_B.pdb.dat,success,OK
GTAAATTTAC_B.pdb,GTAAATTTAC_B.pdb.dat,success,OK
GTAGGCCTAC_B.pdb,GTAGGCCTAC_B.pdb.dat,success,OK
GTATATATAC_B.pdb,GTATATATAC_B.pdb.dat,success,OK
GTACATGTAC_B.pdb,GTACATGTAC_B.pdb.dat,success,OK
GTAGCGCTAC_B.pdb,GTAGCGCTAC_B.pdb.dat,success,OK
GTAGATCTAC_B.pdb,GTAGATCTAC_B.pdb.dat,success,OK
GTACCGGTAC_B.pdb,GTACCGGTAC_B.pdb.dat,success,OK
GTATCGATAC_B.pdb,GTATCGATAC_B.pdb.dat,success,OK
GTATGCATAC_B.pdb,GTATGCATAC_B.pdb.dat,success,OK
GTAGTACTAC_B.pdb,GTAGTACTAC_B.pdb.dat,success,OK
GTCAATTGAC_B.pdb,GTCAATTGAC_B.pdb.dat,success,OK
GTCAGCTGAC_B.pdb,GTCAGCTGAC_B.pdb.dat,success,OK
GTCATATGAC_B.pdb,GTCATATGAC_B.pdb.dat,success,OK
GTCACGTGAC_B.pdb,GTCACGTGAC_B.pdb.dat,success,OK
GTCCCGGGAC_B.pdb,GTCCCGGGAC_B.pdb.dat,success,OK
GTCCGCGGAC_B.pdb,GTCCGCGGAC_B.pdb.dat,success,OK
GTATTAATAC_B.pdb,GTATTAATAC_B.pdb.dat,success,OK
GTCCTAGGAC_B.pdb,GTCCTAGGAC_B.pdb.dat,success,OK
GTCCATGGAC_B.pdb,GTCCATGGAC_B.pdb.dat,success,OK
GTCGGCCGAC_B.pdb,GTCGGCCGAC_B.pdb.dat,success,OK
GTCGATCGAC_B.pdb,GTCGATCGAC_B.pdb.dat,success,OK
GTCGTACGAC_B.pdb,GTCGTACGAC_B.pdb.dat,success,OK
GTCGCGCGAC_B.pdb,GTCGCGCGAC_B.pdb.dat,success,OK
GTCTGCAGAC_B.pdb,GTCTGCAGAC_B.pdb.dat,success,OK
GTCTCGAGAC_B.pdb,GTCTCGAGAC_B.pdb.dat,success,OK
GTCTATAGAC_B.pdb,GTCTATAGAC_B.pdb.dat,success,OK
GTGAATTCAC_B.pdb,GTGAATTCAC_B.pdb.dat,success,OK
GTCTTAAGAC_B.pdb,GTCTTAAGAC_B.pdb.dat,success,OK
GTGCATGCAC_B.pdb,GTGCATGCAC_B.pdb.dat,success,OK
GTGACGTCAC_B.pdb,GTGACGTCAC_B.pdb.dat,success,OK
GTGCCGGCAC_B.pdb,GTGCCGGCAC_B.pdb.dat,success,OK
GTGAGCTCAC_B.pdb,GTGAGCTCAC_B.pdb.dat,success,OK
GTGATATCAC_B.pdb,GTGATATCAC_B.pdb.dat,success,OK
GTGCTAGCAC_B.pdb,GTGCTAGCAC_B.pdb.dat,success,OK
GTGGATCCAC_B.pdb,GTGGATCCAC_B.pdb.dat,success,OK
GTGCGCGCAC_B.pdb,GTGCGCGCAC_B.pdb.dat,success,OK
GTGGTACCAC_B.pdb,GTGGTACCAC_B.pdb.dat,success,OK
GTGTGCACAC_B.pdb,GTGTGCACAC_B.pdb.dat,success,OK
GTGGCGCCAC_B.pdb,GTGGCGCCAC_B.pdb.dat,success,OK
GTGGGCCCAC_B.pdb,GTGGGCCCAC_B.pdb.dat,success,OK
GTGTTAACAC_B.pdb,GTGTTAACAC_B.pdb.dat,success,OK
GTGTCGACAC_B.pdb,GTGTCGACAC_B.pdb.dat,success,OK
GTGTATACAC_B.pdb,GTGTATACAC_B.pdb.dat,success,OK
GTTAGCTAAC_B.pdb,GTTAGCTAAC_B.pdb.dat,success,OK
GTTCATGAAC_B.pdb,GTTCATGAAC_B.pdb.dat,success,OK
GTTAATTAAC_B.pdb,GTTAATTAAC_B.pdb.dat,success,OK
GTTATATAAC_B.pdb,GTTATATAAC_B.pdb.dat,success,OK
GTTCCGGAAC_B.pdb,GTTCCGGAAC_B.pdb.dat,success,OK
GTTCTAGAAC_B.pdb,GTTCTAGAAC_B.pdb.dat,success,OK
GTTCGCGAAC_B.pdb,GTTCGCGAAC_B.pdb.dat,success,OK
GTTGATCAAC_B.pdb,GTTGATCAAC_B.pdb.dat,success,OK
GTTGGCCAAC_B.pdb,GTTGGCCAAC_B.pdb.dat,success,OK
GTTACGTAAC_B.pdb,GTTACGTAAC_B.pdb.dat,success,OK
GTTTATAAAC_B.pdb,GTTTATAAAC_B.pdb.dat,success,OK
GTTGCGCAAC_B.pdb,GTTGCGCAAC_B.pdb.dat,success,OK
GTTTGCAAAC_B.pdb,GTTTGCAAAC_B.pdb.dat,success,OK
TAAAGCTTTA_B.pdb,TAAAGCTTTA_B.pdb.dat,success,OK
GTTGTACAAC_B.pdb,GTTGTACAAC_B.pdb.dat,success,OK
GTTTTAAAAC_B.pdb,GTTTTAAAAC_B.pdb.dat,success,OK
GTTTCGAAAC_B.pdb,GTTTCGAAAC_B.pdb.dat,success,OK
TAAACGTTTA_B.pdb,TAAACGTTTA_B.pdb.dat,success,OK
TAAAATTTTA_B.pdb,TAAAATTTTA_B.pdb.dat,success,OK
TAACGCGTTA_B.pdb,TAACGCGTTA_B.pdb.dat,success,OK
TAAGATCTTA_B.pdb,TAAGATCTTA_B.pdb.dat,success,OK
TAACCGGTTA_B.pdb,TAACCGGTTA_B.pdb.dat,success,OK
TAACATGTTA_B.pdb,TAACATGTTA_B.pdb.dat,success,OK
TAAATATTTA_B.pdb,TAAATATTTA_B.pdb.dat,success,OK
TAACTAGTTA_B.pdb,TAACTAGTTA_B.pdb.dat,success,OK
TAATATATTA_B.pdb,TAATATATTA_B.pdb.dat,success,OK
TAATCGATTA_B.pdb,TAATCGATTA_B.pdb.dat,success,OK
TAATGCATTA_B.pdb,TAATGCATTA_B.pdb.dat,success,OK
TAAGTACTTA_B.pdb,TAAGTACTTA_B.pdb.dat,success,OK
TAAGCGCTTA_B.pdb,TAAGCGCTTA_B.pdb.dat,success,OK
TACAATTGTA_B.pdb,TACAATTGTA_B.pdb.dat,success,OK
TAAGGCCTTA_B.pdb,TAAGGCCTTA_B.pdb.dat,success,OK
TACACGTGTA_B.pdb,TACACGTGTA_B.pdb.dat,success,OK
TACCATGGTA_B.pdb,TACCATGGTA_B.pdb.dat,success,OK
TACAGCTGTA_B.pdb,TACAGCTGTA_B.pdb.dat,success,OK
TACCGCGGTA_B.pdb,TACCGCGGTA_B.pdb.dat,success,OK
TACATATGTA_B.pdb,TACATATGTA_B.pdb.dat,success,OK
TAATTAATTA_B.pdb,TAATTAATTA_B.pdb.dat,success,OK
TACCCGGGTA_B.pdb,TACCCGGGTA_B.pdb.dat,success,OK
TACGCGCGTA_B.pdb,TACGCGCGTA_B.pdb.dat,success,OK
TACGATCGTA_B.pdb,TACGATCGTA_B.pdb.dat,success,OK
TACTCGAGTA_B.pdb,TACTCGAGTA_B.pdb.dat,success,OK
TACCTAGGTA_B.pdb,TACCTAGGTA_B.pdb.dat,success,OK
TACTTAAGTA_B.pdb,TACTTAAGTA_B.pdb.dat,success,OK
TACGTACGTA_B.pdb,TACGTACGTA_B.pdb.dat,success,OK
TACTATAGTA_B.pdb,TACTATAGTA_B.pdb.dat,success,OK
TAGAATTCTA_B.pdb,TAGAATTCTA_B.pdb.dat,success,OK
TACTGCAGTA_B.pdb,TACTGCAGTA_B.pdb.dat,success,OK
TACGGCCGTA_B.pdb,TACGGCCGTA_B.pdb.dat,success,OK
TAGACGTCTA_B.pdb,TAGACGTCTA_B.pdb.dat,success,OK
TAGCATGCTA_B.pdb,TAGCATGCTA_B.pdb.dat,success,OK
TAGATATCTA_B.pdb,TAGATATCTA_B.pdb.dat,success,OK
TAGGATCCTA_B.pdb,TAGGATCCTA_B.pdb.dat,success,OK
TAGCCGGCTA_B.pdb,TAGCCGGCTA_B.pdb.dat,success,OK
TAGAGCTCTA_B.pdb,TAGAGCTCTA_B.pdb.dat,success,OK
TAGGTACCTA_B.pdb,TAGGTACCTA_B.pdb.dat,success,OK
TAGCGCGCTA_B.pdb,TAGCGCGCTA_B.pdb.dat,success,OK
TAGCTAGCTA_B.pdb,TAGCTAGCTA_B.pdb.dat,success,OK
TAGGCGCCTA_B.pdb,TAGGCGCCTA_B.pdb.dat,success,OK
TAGTATACTA_B.pdb,TAGTATACTA_B.pdb.dat,success,OK
TAGTTAACTA_B.pdb,TAGTTAACTA_B.pdb.dat,success,OK
TAGGGCCCTA_B.pdb,TAGGGCCCTA_B.pdb.dat,success,OK
TAGTCGACTA_B.pdb,TAGTCGACTA_B.pdb.dat,success,OK
TAGTGCACTA_B.pdb,TAGTGCACTA_B.pdb.dat,success,OK
TATACGTATA_B.pdb,TATACGTATA_B.pdb.dat,success,OK
TATAATTATA_B.pdb,TATAATTATA_B.pdb.dat,success,OK
TATAGCTATA_B.pdb,TATAGCTATA_B.pdb.dat,success,OK
TATATATATA_B.pdb,TATATATATA_B.pdb.dat,success,OK
TATCATGATA_B.pdb,TATCATGATA_B.pdb.dat,success,OK
TATGCGCATA_B.pdb,TATGCGCATA_B.pdb.dat,success,OK
TATCTAGATA_B.pdb,TATCTAGATA_B.pdb.dat,success,OK
TATCGCGATA_B.pdb,TATCGCGATA_B.pdb.dat,success,OK
TATGATCATA_B.pdb,TATGATCATA_B.pdb.dat,success,OK
TATCCGGATA_B.pdb,TATCCGGATA_B.pdb.dat,success,OK
TATTCGAATA_B.pdb,TATTCGAATA_B.pdb.dat,success,OK
TATGGCCATA_B.pdb,TATGGCCATA_B.pdb.dat,success,OK
TATTATAATA_B.pdb,TATTATAATA_B.pdb.dat,success,OK
TATGTACATA_B.pdb,TATGTACATA_B.pdb.dat,success,OK
TCAATATTGA_B.pdb,TCAATATTGA_B.pdb.dat,success,OK
TCAAATTTGA_B.pdb,TCAAATTTGA_B.pdb.dat,success,OK
TCAAGCTTGA_B.pdb,TCAAGCTTGA_B.pdb.dat,success,OK
TATTTAAATA_B.pdb,TATTTAAATA_B.pdb.dat,success,OK
TATTGCAATA_B.pdb,TATTGCAATA_B.pdb.dat,success,OK
TCAACGTTGA_B.pdb,TCAACGTTGA_B.pdb.dat,success,OK
TCACCGGTGA_B.pdb,TCACCGGTGA_B.pdb.dat,success,OK
TCAGTACTGA_B.pdb,TCAGTACTGA_B.pdb.dat,success,OK
TCACATGTGA_B.pdb,TCACATGTGA_B.pdb.dat,success,OK
TCACGCGTGA_B.pdb,TCACGCGTGA_B.pdb.dat,success,OK
TCAGCGCTGA_B.pdb,TCAGCGCTGA_B.pdb.dat,success,OK
TCAGATCTGA_B.pdb,TCAGATCTGA_B.pdb.dat,success,OK
TCACTAGTGA_B.pdb,TCACTAGTGA_B.pdb.dat,success,OK
TCATATATGA_B.pdb,TCATATATGA_B.pdb.dat,success,OK
TCCAATTGGA_B.pdb,TCCAATTGGA_B.pdb.dat,success,OK
TCAGGCCTGA_B.pdb,TCAGGCCTGA_B.pdb.dat,success,OK
TCCAGCTGGA_B.pdb,TCCAGCTGGA_B.pdb.dat,success,OK
TCATCGATGA_B.pdb,TCATCGATGA_B.pdb.dat,success,OK
TCATGCATGA_B.pdb,TCATGCATGA_B.pdb.dat,success,OK
TCCCCGGGGA_B.pdb,TCCCCGGGGA_B.pdb.dat,success,OK
TCCCTAGGGA_B.pdb,TCCCTAGGGA_B.pdb.dat,success,OK
TCCATATGGA_B.pdb,TCCATATGGA_B.pdb.dat,success,OK
TCCCATGGGA_B.pdb,TCCCATGGGA_B.pdb.dat,success,OK
TCCCGCGGGA_B.pdb,TCCCGCGGGA_B.pdb.dat,success,OK
TCATTAATGA_B.pdb,TCATTAATGA_B.pdb.dat,success,OK
TCCACGTGGA_B.pdb,TCCACGTGGA_B.pdb.dat,success,OK
TCCGCGCGGA_B.pdb,TCCGCGCGGA_B.pdb.dat,success,OK
TCCTTAAGGA_B.pdb,TCCTTAAGGA_B.pdb.dat,success,OK
TCCGATCGGA_B.pdb,TCCGATCGGA_B.pdb.dat,success,OK
TCCTCGAGGA_B.pdb,TCCTCGAGGA_B.pdb.dat,success,OK
TCCGGCCGGA_B.pdb,TCCGGCCGGA_B.pdb.dat,success,OK
TCCTATAGGA_B.pdb,TCCTATAGGA_B.pdb.dat,success,OK
TCGCATGCGA_B.pdb,TCGCATGCGA_B.pdb.dat,success,OK
TCGAGCTCGA_B.pdb,TCGAGCTCGA_B.pdb.dat,success,OK
TCCTGCAGGA_B.pdb,TCCTGCAGGA_B.pdb.dat,success,OK
TCCGTACGGA_B.pdb,TCCGTACGGA_B.pdb.dat,success,OK
TCGACGTCGA_B.pdb,TCGACGTCGA_B.pdb.dat,success,OK
TCGATATCGA_B.pdb,TCGATATCGA_B.pdb.dat,success,OK
TCGAATTCGA_B.pdb,TCGAATTCGA_B.pdb.dat,success,OK
TCGGATCCGA_B.pdb,TCGGATCCGA_B.pdb.dat,success,OK
TCGCCGGCGA_B.pdb,TCGCCGGCGA_B.pdb.dat,success,OK
TCGGGCCCGA_B.pdb,TCGGGCCCGA_B.pdb.dat,success,OK
TCGGCGCCGA_B.pdb,TCGGCGCCGA_B.pdb.dat,success,OK
TCGGTACCGA_B.pdb,TCGGTACCGA_B.pdb.dat,success,OK
TCGCTAGCGA_B.pdb,TCGCTAGCGA_B.pdb.dat,success,OK
TCGCGCGCGA_B.pdb,TCGCGCGCGA_B.pdb.dat,success,OK
TCGTATACGA_B.pdb,TCGTATACGA_B.pdb.dat,success,OK
TCGTCGACGA_B.pdb,TCGTCGACGA_B.pdb.dat,success,OK
TCTAATTAGA_B.pdb,TCTAATTAGA_B.pdb.dat,success,OK
TCTACGTAGA_B.pdb,TCTACGTAGA_B.pdb.dat,success,OK
TCGTTAACGA_B.pdb,TCGTTAACGA_B.pdb.dat,success,OK
TCGTGCACGA_B.pdb,TCGTGCACGA_B.pdb.dat,success,OK
TCTAGCTAGA_B.pdb,TCTAGCTAGA_B.pdb.dat,success,OK
TCTCATGAGA_B.pdb,TCTCATGAGA_B.pdb.dat,success,OK
TCTCCGGAGA_B.pdb,TCTCCGGAGA_B.pdb.dat,success,OK
TCTGTACAGA_B.pdb,TCTGTACAGA_B.pdb.dat,success,OK
TCTATATAGA_B.pdb,TCTATATAGA_B.pdb.dat,success,OK
TCTGGCCAGA_B.pdb,TCTGGCCAGA_B.pdb.dat,success,OK
TCTGCGCAGA_B.pdb,TCTGCGCAGA_B.pdb.dat,success,OK
TCTGATCAGA_B.pdb,TCTGATCAGA_B.pdb.dat,success,OK
TCTCTAGAGA_B.pdb,TCTCTAGAGA_B.pdb.dat,success,OK
TCTCGCGAGA_B.pdb,TCTCGCGAGA_B.pdb.dat,success,OK
TCTTCGAAGA_B.pdb,TCTTCGAAGA_B.pdb.dat,success,OK
TCTTTAAAGA_B.pdb,TCTTTAAAGA_B.pdb.dat,success,OK
TCTTGCAAGA_B.pdb,TCTTGCAAGA_B.pdb.dat,success,OK
TGAAGCTTCA_B.pdb,TGAAGCTTCA_B.pdb.dat,success,OK
TGAAATTTCA_B.pdb,TGAAATTTCA_B.pdb.dat,success,OK
TGAATATTCA_B.pdb,TGAATATTCA_B.pdb.dat,success,OK
TCTTATAAGA_B.pdb,TCTTATAAGA_B.pdb.dat,success,OK
TGAACGTTCA_B.pdb,TGAACGTTCA_B.pdb.dat,success,OK
TGACGCGTCA_B.pdb,TGACGCGTCA_B.pdb.dat,success,OK
TGACATGTCA_B.pdb,TGACATGTCA_B.pdb.dat,success,OK
TGACCGGTCA_B.pdb,TGACCGGTCA_B.pdb.dat,success,OK
TGACTAGTCA_B.pdb,TGACTAGTCA_B.pdb.dat,success,OK
TGAGATCTCA_B.pdb,TGAGATCTCA_B.pdb.dat,success,OK
TGAGCGCTCA_B.pdb,TGAGCGCTCA_B.pdb.dat,success,OK
TGAGGCCTCA_B.pdb,TGAGGCCTCA_B.pdb.dat,success,OK
TGCACGTGCA_B.pdb,TGCACGTGCA_B.pdb.dat,success,OK
TGATTAATCA_B.pdb,TGATTAATCA_B.pdb.dat,success,OK
TGATATATCA_B.pdb,TGATATATCA_B.pdb.dat,success,OK
TGATGCATCA_B.pdb,TGATGCATCA_B.pdb.dat,success,OK
TGAGTACTCA_B.pdb,TGAGTACTCA_B.pdb.dat,success,OK
TGATCGATCA_B.pdb,TGATCGATCA_B.pdb.dat,success,OK
TGCAATTGCA_B.pdb,TGCAATTGCA_B.pdb.dat,success,OK
TGCCATGGCA_B.pdb,TGCCATGGCA_B.pdb.dat,success,OK
TGCATATGCA_B.pdb,TGCATATGCA_B.pdb.dat,success,OK
TGCAGCTGCA_B.pdb,TGCAGCTGCA_B.pdb.dat,success,OK
TGCCCGGGCA_B.pdb,TGCCCGGGCA_B.pdb.dat,success,OK
TGCGATCGCA_B.pdb,TGCGATCGCA_B.pdb.dat,success,OK
TGCTCGAGCA_B.pdb,TGCTCGAGCA_B.pdb.dat,success,OK
TGCCGCGGCA_B.pdb,TGCCGCGGCA_B.pdb.dat,success,OK
TGCTATAGCA_B.pdb,TGCTATAGCA_B.pdb.dat,success,OK
TGCGTACGCA_B.pdb,TGCGTACGCA_B.pdb.dat,success,OK
TGCCTAGGCA_B.pdb,TGCCTAGGCA_B.pdb.dat,success,OK
TGCGGCCGCA_B.pdb,TGCGGCCGCA_B.pdb.dat,success,OK
TGCGCGCGCA_B.pdb,TGCGCGCGCA_B.pdb.dat,success,OK
TGCTGCAGCA_B.pdb,TGCTGCAGCA_B.pdb.dat,success,OK
TGCTTAAGCA_B.pdb,TGCTTAAGCA_B.pdb.dat,success,OK
TGGAGCTCCA_B.pdb,TGGAGCTCCA_B.pdb.dat,success,OK
TGGAATTCCA_B.pdb,TGGAATTCCA_B.pdb.dat,success,OK
TGGACGTCCA_B.pdb,TGGACGTCCA_B.pdb.dat,success,OK
TGGCATGCCA_B.pdb,TGGCATGCCA_B.pdb.dat,success,OK
TGGCGCGCCA_B.pdb,TGGCGCGCCA_B.pdb.dat,success,OK
TGGCTAGCCA_B.pdb,TGGCTAGCCA_B.pdb.dat,success,OK
TGGATATCCA_B.pdb,TGGATATCCA_B.pdb.dat,success,OK
TGGGCGCCCA_B.pdb,TGGGCGCCCA_B.pdb.dat,success,OK
TGGGTACCCA_B.pdb,TGGGTACCCA_B.pdb.dat,success,OK
TGGGGCCCCA_B.pdb,TGGGGCCCCA_B.pdb.dat,success,OK
TGGTATACCA_B.pdb,TGGTATACCA_B.pdb.dat,success,OK
TGGGATCCCA_B.pdb,TGGGATCCCA_B.pdb.dat,success,OK
TGGTCGACCA_B.pdb,TGGTCGACCA_B.pdb.dat,success,OK
TGGCCGGCCA_B.pdb,TGGCCGGCCA_B.pdb.dat,success,OK
TGTAATTACA_B.pdb,TGTAATTACA_B.pdb.dat,success,OK
TGTCATGACA_B.pdb,TGTCATGACA_B.pdb.dat,success,OK
TGTATATACA_B.pdb,TGTATATACA_B.pdb.dat,success,OK
TGGTGCACCA_B.pdb,TGGTGCACCA_B.pdb.dat,success,OK
TGGTTAACCA_B.pdb,TGGTTAACCA_B.pdb.dat,success,OK
TGTAGCTACA_B.pdb,TGTAGCTACA_B.pdb.dat,success,OK
TGTACGTACA_B.pdb,TGTACGTACA_B.pdb.dat,success,OK
TGTCTAGACA_B.pdb,TGTCTAGACA_B.pdb.dat,success,OK
TGTCCGGACA_B.pdb,TGTCCGGACA_B.pdb.dat,success,OK
TGTGATCACA_B.pdb,TGTGATCACA_B.pdb.dat,success,OK
TGTGCGCACA_B.pdb,TGTGCGCACA_B.pdb.dat,success,OK
TGTCGCGACA_B.pdb,TGTCGCGACA_B.pdb.dat,success,OK
TGTGGCCACA_B.pdb,TGTGGCCACA_B.pdb.dat,success,OK
TTAAATTTAA_B.pdb,TTAAATTTAA_B.pdb.dat,success,OK
TGTGTACACA_B.pdb,TGTGTACACA_B.pdb.dat,success,OK
TGTTGCAACA_B.pdb,TGTTGCAACA_B.pdb.dat,success,OK
TGTTATAACA_B.pdb,TGTTATAACA_B.pdb.dat,success,OK
TGTTCGAACA_B.pdb,TGTTCGAACA_B.pdb.dat,success,OK
TTAACGTTAA_B.pdb,TTAACGTTAA_B.pdb.dat,success,OK
TGTTTAAACA_B.pdb,TGTTTAAACA_B.pdb.dat,success,OK
TTAAGCTTAA_B.pdb,TTAAGCTTAA_B.pdb.dat,success,OK
TTACGCGTAA_B.pdb,TTACGCGTAA_B.pdb.dat,success,OK
TTACATGTAA_B.pdb,TTACATGTAA_B.pdb.dat,success,OK
TTACTAGTAA_B.pdb,TTACTAGTAA_B.pdb.dat,success,OK
TTAGCGCTAA_B.pdb,TTAGCGCTAA_B.pdb.dat,success,OK
TTAGATCTAA_B.pdb,TTAGATCTAA_B.pdb.dat,success,OK
TTAATATTAA_B.pdb,TTAATATTAA_B.pdb.dat,success,OK
TTACCGGTAA_B.pdb,TTACCGGTAA_B.pdb.dat,success,OK
TTATATATAA_B.pdb,TTATATATAA_B.pdb.dat,success,OK
TTAGTACTAA_B.pdb,TTAGTACTAA_B.pdb.dat,success,OK
TTAGGCCTAA_B.pdb,TTAGGCCTAA_B.pdb.dat,success,OK
TTATCGATAA_B.pdb,TTATCGATAA_B.pdb.dat,success,OK
TTATGCATAA_B.pdb,TTATGCATAA_B.pdb.dat,success,OK
TTATTAATAA_B.pdb,TTATTAATAA_B.pdb.dat,success,OK
TTCAGCTGAA_B.pdb,TTCAGCTGAA_B.pdb.dat,success,OK
TTCATATGAA_B.pdb,TTCATATGAA_B.pdb.dat,success,OK
TTCACGTGAA_B.pdb,TTCACGTGAA_B.pdb.dat,success,OK
TTCAATTGAA_B.pdb,TTCAATTGAA_B.pdb.dat,success,OK
TTCCGCGGAA_B.pdb,TTCCGCGGAA_B.pdb.dat,success,OK
TTCCCGGGAA_B.pdb,TTCCCGGGAA_B.pdb.dat,success,OK
TTCGCGCGAA_B.pdb,TTCGCGCGAA_B.pdb.dat,success,OK
TTCCATGGAA_B.pdb,TTCCATGGAA_B.pdb.dat,success,OK
TTCGATCGAA_B.pdb,TTCGATCGAA_B.pdb.dat,success,OK
TTCGTACGAA_B.pdb,TTCGTACGAA_B.pdb.dat,success,OK
TTCGGCCGAA_B.pdb,TTCGGCCGAA_B.pdb.dat,success,OK
TTCCTAGGAA_B.pdb,TTCCTAGGAA_B.pdb.dat,success,OK
TTCTCGAGAA_B.pdb,TTCTCGAGAA_B.pdb.dat,success,OK
TTCTGCAGAA_B.pdb,TTCTGCAGAA_B.pdb.dat,success,OK
TTGAGCTCAA_B.pdb,TTGAGCTCAA_B.pdb.dat,success,OK
TTGACGTCAA_B.pdb,TTGACGTCAA_B.pdb.dat,success,OK
TTCTTAAGAA_B.pdb,TTCTTAAGAA_B.pdb.dat,success,OK
TTCTATAGAA_B.pdb,TTCTATAGAA_B.pdb.dat,success,OK
TTGATATCAA_B.pdb,TTGATATCAA_B.pdb.dat,success,OK
TTGAATTCAA_B.pdb,TTGAATTCAA_B.pdb.dat,success,OK
TTGCATGCAA_B.pdb,TTGCATGCAA_B.pdb.dat,success,OK
TTGGCGCCAA_B.pdb,TTGGCGCCAA_B.pdb.dat,success,OK
TTGCCGGCAA_B.pdb,TTGCCGGCAA_B.pdb.dat,success,OK
TTGGTACCAA_B.pdb,TTGGTACCAA_B.pdb.dat,success,OK
TTGCTAGCAA_B.pdb,TTGCTAGCAA_B.pdb.dat,success,OK
TTGCGCGCAA_B.pdb,TTGCGCGCAA_B.pdb.dat,success,OK
TTGGGCCCAA_B.pdb,TTGGGCCCAA_B.pdb.dat,success,OK
TTGTCGACAA_B.pdb,TTGTCGACAA_B.pdb.dat,success,OK
TTGGATCCAA_B.pdb,TTGGATCCAA_B.pdb.dat,success,OK
TTGTGCACAA_B.pdb,TTGTGCACAA_B.pdb.dat,success,OK
TTTAATTAAA_B.pdb,TTTAATTAAA_B.pdb.dat,success,OK
TTGTATACAA_B.pdb,TTGTATACAA_B.pdb.dat,success,OK
TTGTTAACAA_B.pdb,TTGTTAACAA_B.pdb.dat,success,OK
TTTCATGAAA_B.pdb,TTTCATGAAA_B.pdb.dat,success,OK
TTTAGCTAAA_B.pdb,TTTAGCTAAA_B.pdb.dat,success,OK
TTTGATCAAA_B.pdb,TTTGATCAAA_B.pdb.dat,success,OK
TTTCCGGAAA_B.pdb,TTTCCGGAAA_B.pdb.dat,success,OK
TTTCTAGAAA_B.pdb,TTTCTAGAAA_B.pdb.dat,success,OK
TTTATATAAA_B.pdb,TTTATATAAA_B.pdb.dat,success,OK
TTTACGTAAA_B.pdb,TTTACGTAAA_B.pdb.dat,success,OK
TTTCGCGAAA_B.pdb,TTTCGCGAAA_B.pdb.dat,success,OK
TTTGCGCAAA_B.pdb,TTTGCGCAAA_B.pdb.dat,success,OK
TTTTCGAAAA_B.pdb,TTTTCGAAAA_B.pdb.dat,success,OK
TTTGTACAAA_B.pdb,TTTGTACAAA_B.pdb.dat,success,OK
TTTTGCAAAA_B.pdb,TTTTGCAAAA_B.pdb.dat,success,OK
TTTGGCCAAA_B.pdb,TTTGGCCAAA_B.pdb.dat,success,OK
TTTTATAAAA_B.pdb,TTTTATAAAA_B.pdb.dat,success,OK
TTTTTAAAAA_B.pdb,TTTTTAAAAA_B.pdb.dat,success,OK
